texture_name,original_path,original_exists,original_size_bytes,upscaled_path,upscaled_exists,upscaled_size_bytes,mat_exists,mat_path,used_by_mesh_count,used_by_meshes
door_icon,C:\Users\max\Projects\Morrowind\raw_assets\Morrowind_Full\textures\door_icon.dds,True,448,textures_upscaled\door_icon.dds,True,1520,True,Materials\morrowind\door_icon.mat,1,In_Lava_Blacksquare
tx_ash_firepit,C:\Users\max\Projects\Morrowind\raw_assets\Morrowind_Full\textures\tx_ash_firepit.dds,True,11040,textures_upscaled\tx_ash_firepit.dds,True,87536,True,Materials\morrowind\tx_ash_firepit.mat,1,furn_de_firepit
tx_ashpile00,C:\Users\max\Projects\Morrowind\raw_assets\Morrowind_Full\textures\tx_ashpile00.dds,True,11040,textures_upscaled\tx_ashpile00.dds,True,87536,True,Materials\morrowind\tx_ashpile00.mat,1,furn_firepit00
tx_bc_bank,C:\Users\max\Projects\Morrowind\raw_assets\Morrowind_Full\textures\tx_bc_bank.dds,True,43808,textures_upscaled\tx_bc_bank.dds,True,349680,True,Materials\morrowind\tx_bc_bank.mat,1,Furn_Com_Planter
tx_bc_bark_01,C:\Users\max\Projects\Morrowind\raw_assets\Morrowind_Full\textures\tx_bc_bark_01.dds,True,43808,textures_upscaled\tx_bc_bark_01.dds,True,349680,True,Materials\morrowind\tx_bc_bark_01.mat,7,flora_bc_knee_01; flora_bc_knee_02; flora_bc_knee_03; flora_bc_knee_04; flora_bc_tree_04; flora_bc_tree_06; flora_bc_tree_12
tx_bc_bark_02,C:\Users\max\Projects\Morrowind\raw_assets\Morrowind_Full\textures\tx_bc_bark_02.dds,True,43808,textures_upscaled\tx_bc_bark_02.dds,True,349680,True,Materials\morrowind\tx_bc_bark_02.mat,6,flora_bc_log_01; flora_bc_tree_02; flora_bc_tree_04; flora_bc_tree_06; flora_bc_tree_08; flora_bc_tree_13
tx_bc_bark_03,C:\Users\max\Projects\Morrowind\raw_assets\Morrowind_Full\textures\tx_bc_bark_03.dds,True,43808,textures_upscaled\tx_bc_bark_03.dds,True,349680,True,Materials\morrowind\tx_bc_bark_03.mat,3,flora_bc_tree_09; flora_bc_tree_10; flora_bc_tree_11
tx_bc_bark_04,C:\Users\max\Projects\Morrowind\raw_assets\Morrowind_Full\textures\tx_bc_bark_04.dds,True,11008,textures_upscaled\tx_bc_bark_04.dds,True,87568,True,Materials\morrowind\tx_bc_bark_04.mat,4,flora_bc_tree_02; flora_bc_tree_04; flora_bc_tree_06; flora_bc_tree_08
tx_bc_fern_01,C:\Users\max\Projects\Morrowind\raw_assets\Morrowind_Full\textures\tx_bc_fern_01.dds,True,11008,textures_upscaled\tx_bc_fern_01.dds,True,43856,True,Materials\morrowind\tx_bc_fern_01.mat,2,flora_bc_fern_03; flora_bc_fern_04
tx_bc_fern_02,C:\Users\max\Projects\Morrowind\raw_assets\Morrowind_Full\textures\tx_bc_fern_02.dds,True,43776,textures_upscaled\tx_bc_fern_02.dds,True,174928,True,Materials\morrowind\tx_bc_fern_02.mat,2,flora_bc_fern_01; flora_bc_fern_02
tx_bc_fern_pod,C:\Users\max\Projects\Morrowind\raw_assets\Morrowind_Full\textures\tx_bc_fern_pod.dds,True,2848,textures_upscaled\tx_bc_fern_pod.dds,True,22000,True,Materials\morrowind\tx_bc_fern_pod.mat,1,flora_bc_fern_01
tx_bc_fern_stem,C:\Users\max\Projects\Morrowind\raw_assets\Morrowind_Full\textures\tx_bc_fern_stem.dds,True,2848,textures_upscaled\tx_bc_fern_stem.dds,True,22000,True,Materials\morrowind\tx_bc_fern_stem.mat,5,flora_bc_fern_01; flora_bc_fern_02; flora_bc_fern_03; flora_bc_fern_04; flora_bc_lilypad_02
tx_bc_fungusbottom_01,C:\Users\max\Projects\Morrowind\raw_assets\Morrowind_Full\textures\tx_bc_fungusbottom_01.dds,True,11040,textures_upscaled\tx_bc_fungusbottom_01.dds,True,87536,True,Materials\morrowind\tx_bc_fungusbottom_01.mat,2,flora_bc_shelffungus_01; flora_bc_shelffungus_02
tx_bc_fungusbottom_02,C:\Users\max\Projects\Morrowind\raw_assets\Morrowind_Full\textures\tx_bc_fungusbottom_02.dds,True,11040,textures_upscaled\tx_bc_fungusbottom_02.dds,True,87536,True,Materials\morrowind\tx_bc_fungusbottom_02.mat,2,flora_bc_shelffungus_03; flora_bc_shelffungus_04
tx_bc_fungustop_01,C:\Users\max\Projects\Morrowind\raw_assets\Morrowind_Full\textures\tx_bc_fungustop_01.dds,True,11040,textures_upscaled\tx_bc_fungustop_01.dds,True,87536,True,Materials\morrowind\tx_bc_fungustop_01.mat,2,flora_bc_shelffungus_01; flora_bc_shelffungus_02
tx_bc_fungustop_02,C:\Users\max\Projects\Morrowind\raw_assets\Morrowind_Full\textures\tx_bc_fungustop_02.dds,True,11040,textures_upscaled\tx_bc_fungustop_02.dds,True,87536,True,Materials\morrowind\tx_bc_fungustop_02.mat,2,flora_bc_shelffungus_03; flora_bc_shelffungus_04
tx_bc_grassblade,C:\Users\max\Projects\Morrowind\raw_assets\Morrowind_Full\textures\tx_bc_grassblade.dds,True,2816,textures_upscaled\tx_bc_grassblade.dds,True,22032,True,Materials\morrowind\tx_bc_grassblade.mat,2,flora_bc_grass_01; flora_bc_grass_02
tx_bc_leaves_02,C:\Users\max\Projects\Morrowind\raw_assets\Morrowind_Full\textures\tx_bc_leaves_02.dds,True,87488,textures_upscaled\tx_bc_leaves_02.dds,True,349680,True,Materials\morrowind\tx_bc_leaves_02.mat,1,flora_bc_tree_02
tx_bc_lilypad_02,C:\Users\max\Projects\Morrowind\raw_assets\Morrowind_Full\textures\tx_bc_lilypad_02.dds,True,21952,textures_upscaled\tx_bc_lilypad_02.dds,True,87536,True,Materials\morrowind\tx_bc_lilypad_02.mat,1,flora_bc_lilypad_02
tx_bc_moss_01,C:\Users\max\Projects\Morrowind\raw_assets\Morrowind_Full\textures\tx_bc_moss_01.dds,True,43776,textures_upscaled\tx_bc_moss_01.dds,True,174928,True,Materials\morrowind\tx_bc_moss_01.mat,4,flora_bc_tree_02; flora_bc_tree_04; flora_bc_tree_06; flora_bc_tree_08
tx_bc_moss_02,C:\Users\max\Projects\Morrowind\raw_assets\Morrowind_Full\textures\tx_bc_moss_02.dds,True,43776,textures_upscaled\tx_bc_moss_02.dds,True,174928,True,Materials\morrowind\tx_bc_moss_02.mat,4,flora_bc_tree_02; flora_bc_tree_04; flora_bc_tree_06; flora_bc_tree_08
tx_bc_moss_03,C:\Users\max\Projects\Morrowind\raw_assets\Morrowind_Full\textures\tx_bc_moss_03.dds,True,21888,textures_upscaled\tx_bc_moss_03.dds,True,87568,True,Materials\morrowind\tx_bc_moss_03.mat,3,flora_bc_tree_04; flora_bc_tree_06; flora_bc_tree_08
tx_bc_mushroom_01,C:\Users\max\Projects\Morrowind\raw_assets\Morrowind_Full\textures\tx_bc_mushroom_01.dds,True,11040,textures_upscaled\tx_bc_mushroom_01.dds,True,87536,True,Materials\morrowind\tx_bc_mushroom_01.mat,5,flora_bc_mushroom_01; flora_bc_mushroom_02; flora_bc_mushroom_03; flora_bc_mushroom_04; flora_bc_mushroom_05
tx_bc_mushroom_02,C:\Users\max\Projects\Morrowind\raw_assets\Morrowind_Full\textures\tx_bc_mushroom_02.dds,True,2816,textures_upscaled\tx_bc_mushroom_02.dds,True,22032,True,Materials\morrowind\tx_bc_mushroom_02.mat,8,flora_bc_mushroom_01; flora_bc_mushroom_02; flora_bc_mushroom_03; flora_bc_mushroom_04; flora_bc_mushroom_05; flora_bc_mushroom_06; flora_bc_mushroom_07; flora_bc_mushroom_08
tx_bc_mushroom_03,C:\Users\max\Projects\Morrowind\raw_assets\Morrowind_Full\textures\tx_bc_mushroom_03.dds,True,2848,textures_upscaled\tx_bc_mushroom_03.dds,True,22000,True,Materials\morrowind\tx_bc_mushroom_03.mat,8,flora_bc_mushroom_01; flora_bc_mushroom_02; flora_bc_mushroom_03; flora_bc_mushroom_04; flora_bc_mushroom_05; flora_bc_mushroom_06; flora_bc_mushroom_07; flora_bc_mushroom_08
tx_bc_mushroom_04,C:\Users\max\Projects\Morrowind\raw_assets\Morrowind_Full\textures\tx_bc_mushroom_04.dds,True,11040,textures_upscaled\tx_bc_mushroom_04.dds,True,87536,True,Materials\morrowind\tx_bc_mushroom_04.mat,3,flora_bc_mushroom_06; flora_bc_mushroom_07; flora_bc_mushroom_08
tx_bc_podplant_01,C:\Users\max\Projects\Morrowind\raw_assets\Morrowind_Full\textures\tx_bc_podplant_01.dds,True,1472,textures_upscaled\tx_bc_podplant_01.dds,True,11088,True,Materials\morrowind\tx_bc_podplant_01.mat,2,flora_bc_podplant_01; flora_bc_podplant_03
tx_bc_podplant_02,C:\Users\max\Projects\Morrowind\raw_assets\Morrowind_Full\textures\tx_bc_podplant_02.dds,True,1472,textures_upscaled\tx_bc_podplant_02.dds,True,11088,True,Materials\morrowind\tx_bc_podplant_02.mat,2,flora_bc_podplant_01; flora_bc_podplant_03
tx_bc_podplant_03,C:\Users\max\Projects\Morrowind\raw_assets\Morrowind_Full\textures\tx_bc_podplant_03.dds,True,5568,textures_upscaled\tx_bc_podplant_03.dds,True,22000,True,Materials\morrowind\tx_bc_podplant_03.mat,1,flora_bc_podplant_03
tx_bc_podplant_04,C:\Users\max\Projects\Morrowind\raw_assets\Morrowind_Full\textures\tx_bc_podplant_04.dds,True,768,textures_upscaled\tx_bc_podplant_04.dds,True,5648,True,Materials\morrowind\tx_bc_podplant_04.mat,1,flora_bc_podplant_03
tx_bc_rock_03,C:\Users\max\Projects\Morrowind\raw_assets\Morrowind_Full\textures\tx_bc_rock_03.dds,True,43808,textures_upscaled\tx_bc_rock_03.dds,True,349680,True,Materials\morrowind\tx_bc_rock_03.mat,7,terrain_rock_bc_12; terrain_rock_bc_13; terrain_rock_bc_14; terrain_rock_bc_15; terrain_rock_bc_16; terrain_rock_bc_17; terrain_rock_bc_18
tx_bc_scum,C:\Users\max\Projects\Morrowind\raw_assets\Morrowind_Full\textures\tx_bc_scum.dds,True,43808,textures_upscaled\tx_bc_scum.dds,True,349680,True,Materials\morrowind\tx_bc_scum.mat,3,terrain_bc_scum_01; terrain_bc_scum_02; terrain_bc_scum_03
tx_bittergreen_01,C:\Users\max\Projects\Morrowind\raw_assets\Morrowind_Full\textures\tx_bittergreen_01.dds,True,5568,textures_upscaled\tx_bittergreen_01.dds,True,43856,True,Materials\morrowind\tx_bittergreen_01.mat,1,ingred_comberry_01
tx_border_metal_bronze_01,C:\Users\max\Projects\Morrowind\raw_assets\Morrowind_Full\textures\tx_border_metal_bronze_01.dds,True,2816,textures_upscaled\tx_border_metal_bronze_01.dds,True,22032,True,Materials\morrowind\tx_border_metal_bronze_01.mat,1,furn_crate_lid_01
tx_bottle_09,C:\Users\max\Projects\Morrowind\raw_assets\Morrowind_Full\textures\tx_bottle_09.dds,True,1472,textures_upscaled\tx_bottle_09.dds,True,11088,True,Materials\morrowind\tx_bottle_09.mat,1,Potion_Cyro_Whiskey_01
tx_bottle_10,C:\Users\max\Projects\Morrowind\raw_assets\Morrowind_Full\textures\tx_bottle_10.dds,True,1472,textures_upscaled\tx_bottle_10.dds,True,11088,True,Materials\morrowind\tx_bottle_10.mat,1,potion_cyro_brandy_01
tx_breadloaf_01,C:\Users\max\Projects\Morrowind\raw_assets\Morrowind_Full\textures\tx_breadloaf_01.dds,True,11040,textures_upscaled\tx_breadloaf_01.dds,True,87536,True,Materials\morrowind\tx_breadloaf_01.mat,1,ingred_bread_01
tx_c_t_thief_01,C:\Users\max\Projects\Morrowind\raw_assets\Morrowind_Full\textures\tx_c_t_thief_01.dds,True,174848,textures_upscaled\tx_c_t_thief_01.dds,True,699216,True,Materials\morrowind\tx_c_t_thief_01.mat,1,furn_c_t_theif_01
tx_c_t_warrior_01,C:\Users\max\Projects\Morrowind\raw_assets\Morrowind_Full\textures\tx_c_t_warrior_01.dds,True,174848,textures_upscaled\tx_c_t_warrior_01.dds,True,699216,True,Materials\morrowind\tx_c_t_warrior_01.mat,1,furn_c_t_warrior_01
tx_c_t_wizard_01,C:\Users\max\Projects\Morrowind\raw_assets\Morrowind_Full\textures\tx_c_t_wizard_01.dds,True,174848,textures_upscaled\tx_c_t_wizard_01.dds,True,699216,True,Materials\morrowind\tx_c_t_wizard_01.mat,1,furn_c_t_wizard_01
tx_carvedwood_beam_01,C:\Users\max\Projects\Morrowind\raw_assets\Morrowind_Full\textures\tx_carvedwood_beam_01.dds,True,5504,textures_upscaled\tx_carvedwood_beam_01.dds,True,43920,True,Materials\morrowind\tx_carvedwood_beam_01.mat,8,in_c_djamb_plain_arched; in_c_plain_room_corner; in_c_plain_room_entry; in_c_plain_room_side; in_c_plain_stair_short; in_c_stair_plain_tall_01; in_c_stair_plain_tall_02; in_common_tower_thatch
tx_carvedwood_detail_knots,C:\Users\max\Projects\Morrowind\raw_assets\Morrowind_Full\textures\tx_carvedwood_detail_knots.dds,True,5568,textures_upscaled\tx_carvedwood_detail_knots.dds,True,43856,True,Materials\morrowind\tx_carvedwood_detail_knots.mat,9,in_c_djamb_plain_arched; in_c_djamb_plain_square; in_c_plain_3way; in_c_plain_corner; in_c_plain_endcap; in_c_plain_hall_small; in_c_plain_room_corner; in_c_plain_room_side; in_c_wall_plain
tx_coinside_01,C:\Users\max\Projects\Morrowind\raw_assets\Morrowind_Full\textures\tx_coinside_01.dds,True,288,textures_upscaled\tx_coinside_01.dds,True,1520,True,Materials\morrowind\tx_coinside_01.mat,2,Gold_025; Gold_100
tx_cointop_01,C:\Users\max\Projects\Morrowind\raw_assets\Morrowind_Full\textures\tx_cointop_01.dds,True,2848,textures_upscaled\tx_cointop_01.dds,True,22000,True,Materials\morrowind\tx_cointop_01.mat,2,Gold_025; Gold_100
tx_comberry_01,C:\Users\max\Projects\Morrowind\raw_assets\Morrowind_Full\textures\tx_comberry_01.dds,True,87488,textures_upscaled\tx_comberry_01.dds,True,349680,True,Materials\morrowind\tx_comberry_01.mat,1,ingred_comberry_01
tx_common_door_02,C:\Users\max\Projects\Morrowind\raw_assets\Morrowind_Full\textures\tx_common_door_02.dds,True,21952,textures_upscaled\tx_common_door_02.dds,True,174928,True,Materials\morrowind\tx_common_door_02.mat,1,ex_common_door_01
tx_common_stone_floor,C:\Users\max\Projects\Morrowind\raw_assets\Morrowind_Full\textures\tx_common_stone_floor.dds,True,43808,textures_upscaled\tx_common_stone_floor.dds,True,349680,True,Materials\morrowind\tx_common_stone_floor.mat,4,in_c_stone_3way; in_c_stone_corner; in_c_stone_endcap; in_c_stone_hall_small
tx_common_stone_pillar,C:\Users\max\Projects\Morrowind\raw_assets\Morrowind_Full\textures\tx_common_stone_pillar.dds,True,11008,textures_upscaled\tx_common_stone_pillar.dds,True,87568,True,Materials\morrowind\tx_common_stone_pillar.mat,5,in_c_djamb_stone_arched; in_c_stone_3way; in_c_stone_corner; in_c_stone_endcap; in_c_stone_hall_small
tx_contain_box_metal_block,C:\Users\max\Projects\Morrowind\raw_assets\Morrowind_Full\textures\tx_contain_box_metal_block.dds,True,2848,textures_upscaled\tx_contain_box_metal_block.dds,True,22000,True,Materials\morrowind\tx_contain_box_metal_block.mat,1,ex_common_chimney_tall
tx_cork_01,C:\Users\max\Projects\Morrowind\raw_assets\Morrowind_Full\textures\tx_cork_01.dds,True,800,textures_upscaled\tx_cork_01.dds,True,5616,True,Materials\morrowind\tx_cork_01.mat,10,Misc_Com_Bottle_04; Misc_Com_Bottle_08; Misc_Com_Bottle_14; Potion_Local_Brew_01; misc_com_bottle_03; misc_com_bottle_05; misc_com_bottle_07; misc_com_bottle_10; misc_com_bottle_12; misc_com_bottle_15
tx_crackedplaster00,C:\Users\max\Projects\Morrowind\raw_assets\Morrowind_Full\textures\tx_crackedplaster00.dds,True,43808,textures_upscaled\tx_crackedplaster00.dds,True,349680,True,Materials\morrowind\tx_crackedplaster00.mat,1,furn_firepit00
tx_crock_01,C:\Users\max\Projects\Morrowind\raw_assets\Morrowind_Full\textures\tx_crock_01.dds,True,1472,textures_upscaled\tx_crock_01.dds,True,11088,True,Materials\morrowind\tx_crock_01.mat,1,Potion_Local_Brew_01
tx_crock_02,C:\Users\max\Projects\Morrowind\raw_assets\Morrowind_Full\textures\tx_crock_02.dds,True,1472,textures_upscaled\tx_crock_02.dds,True,11088,True,Materials\morrowind\tx_crock_02.mat,1,potion_local_liquor_01
tx_crock_04,C:\Users\max\Projects\Morrowind\raw_assets\Morrowind_Full\textures\tx_crock_04.dds,True,1472,textures_upscaled\tx_crock_04.dds,True,11088,True,Materials\morrowind\tx_crock_04.mat,1,potion_comberry_brandy_01
tx_de_tapestry_03,C:\Users\max\Projects\Morrowind\raw_assets\Morrowind_Full\textures\tx_de_tapestry_03.dds,True,174848,textures_upscaled\tx_de_tapestry_03.dds,True,699216,True,Materials\morrowind\tx_de_tapestry_03.mat,1,furn_de_tapestry_03
tx_dirtroad_01,C:\Users\max\Projects\Morrowind\raw_assets\Morrowind_Full\textures\tx_dirtroad_01.dds,True,43808,textures_upscaled\tx_dirtroad_01.dds,True,349680,True,Materials\morrowind\tx_dirtroad_01.mat,2,in_de_shack_02; in_de_shack_03
tx_fabric_6th_bedroll,C:\Users\max\Projects\Morrowind\raw_assets\Morrowind_Full\textures\tx_fabric_6th_bedroll.dds,True,21952,textures_upscaled\tx_fabric_6th_bedroll.dds,True,174928,True,Materials\morrowind\tx_fabric_6th_bedroll.mat,1,active_de_bedroll
tx_fabric_6th_bedroll_01,C:\Users\max\Projects\Morrowind\raw_assets\Morrowind_Full\textures\tx_fabric_6th_bedroll_01.dds,True,11040,textures_upscaled\tx_fabric_6th_bedroll_01.dds,True,87536,True,Materials\morrowind\tx_fabric_6th_bedroll_01.mat,1,active_de_bedroll
tx_fabric_tapestry,C:\Users\max\Projects\Morrowind\raw_assets\Morrowind_Full\textures\tx_fabric_tapestry.dds,True,174848,textures_upscaled\tx_fabric_tapestry.dds,True,699216,True,Materials\morrowind\tx_fabric_tapestry.mat,1,furn_com_tapestry_01
tx_fabric_tapestry_01,C:\Users\max\Projects\Morrowind\raw_assets\Morrowind_Full\textures\tx_fabric_tapestry_01.dds,True,174848,textures_upscaled\tx_fabric_tapestry_01.dds,True,699216,True,Materials\morrowind\tx_fabric_tapestry_01.mat,1,furn_com_tapestry_02
tx_fabric_tapestry_02,C:\Users\max\Projects\Morrowind\raw_assets\Morrowind_Full\textures\tx_fabric_tapestry_02.dds,True,174848,textures_upscaled\tx_fabric_tapestry_02.dds,True,699216,True,Materials\morrowind\tx_fabric_tapestry_02.mat,1,furn_com_tapestry_05
tx_fabric_tapestry_03,C:\Users\max\Projects\Morrowind\raw_assets\Morrowind_Full\textures\tx_fabric_tapestry_03.dds,True,174848,textures_upscaled\tx_fabric_tapestry_03.dds,True,699216,True,Materials\morrowind\tx_fabric_tapestry_03.mat,1,furn_com_tapestry_03
tx_fabric_tapestry_04,C:\Users\max\Projects\Morrowind\raw_assets\Morrowind_Full\textures\tx_fabric_tapestry_04.dds,True,174848,textures_upscaled\tx_fabric_tapestry_04.dds,True,699216,True,Materials\morrowind\tx_fabric_tapestry_04.mat,1,furn_com_tapestry_04
tx_firealpha01,C:\Users\max\Projects\Morrowind\raw_assets\Morrowind_Full\textures\tx_firealpha01.dds,True,5568,textures_upscaled\tx_firealpha01.dds,True,22000,True,Materials\morrowind\tx_firealpha01.mat,10,Light_Com_Candle_01; light_com_candle_05; light_com_candle_07; light_com_chandelier_01; light_com_chandelier_03; light_com_lamp_01; light_com_lamp_02; light_com_lantern_02; light_com_sconce_01; light_com_sconce_02
tx_firealpha03,C:\Users\max\Projects\Morrowind\raw_assets\Morrowind_Full\textures\tx_firealpha03.dds,True,5568,textures_upscaled\tx_firealpha03.dds,True,22000,True,Materials\morrowind\tx_firealpha03.mat,2,Light_Com_Candle_11; Light_Com_Candle_12
tx_firealpha10,C:\Users\max\Projects\Morrowind\raw_assets\Morrowind_Full\textures\tx_firealpha10.dds,True,4224,textures_upscaled\tx_firealpha10.dds,True,22000,True,Materials\morrowind\tx_firealpha10.mat,4,Light_Fire; Light_Fire_NoSmoke; light_com_torch_01; light_logpile10
tx_fireash00,C:\Users\max\Projects\Morrowind\raw_assets\Morrowind_Full\textures\tx_fireash00.dds,True,4224,textures_upscaled\tx_fireash00.dds,True,22000,True,Materials\morrowind\tx_fireash00.mat,2,Light_Fire; Light_Fire_NoSmoke
tx_firespark00,C:\Users\max\Projects\Morrowind\raw_assets\Morrowind_Full\textures\tx_firespark00.dds,True,5568,textures_upscaled\tx_firespark00.dds,True,22000,True,Materials\morrowind\tx_firespark00.mat,3,Light_Fire; Light_Fire_NoSmoke; light_logpile10
tx_glass_6th_blackblock,C:\Users\max\Projects\Morrowind\raw_assets\Morrowind_Full\textures\tx_glass_6th_blackblock.dds,True,800,textures_upscaled\tx_glass_6th_blackblock.dds,True,5616,True,Materials\morrowind\tx_glass_6th_blackblock.mat,1,Misc_Inkwell
tx_glass_bottle_blue,C:\Users\max\Projects\Morrowind\raw_assets\Morrowind_Full\textures\tx_glass_bottle_blue.dds,True,5568,textures_upscaled\tx_glass_bottle_blue.dds,True,43856,True,Materials\morrowind\tx_glass_bottle_blue.mat,5,misc_com_bottle_01; misc_com_bottle_05; misc_com_bottle_06; misc_com_bottle_07; misc_com_bottle_10
tx_glass_bottle_blue_01,C:\Users\max\Projects\Morrowind\raw_assets\Morrowind_Full\textures\tx_glass_bottle_blue_01.dds,True,5568,textures_upscaled\tx_glass_bottle_blue_01.dds,True,43856,True,Materials\morrowind\tx_glass_bottle_blue_01.mat,5,misc_com_bottle_01; misc_com_bottle_05; misc_com_bottle_06; misc_com_bottle_07; misc_com_bottle_10
tx_glass_bottle_brown,C:\Users\max\Projects\Morrowind\raw_assets\Morrowind_Full\textures\tx_glass_bottle_brown.dds,True,5568,textures_upscaled\tx_glass_bottle_brown.dds,True,43856,True,Materials\morrowind\tx_glass_bottle_brown.mat,4,Misc_Com_Bottle_14; misc_com_bottle_11; misc_com_bottle_12; misc_com_bottle_15
tx_glass_bottle_brown_01,C:\Users\max\Projects\Morrowind\raw_assets\Morrowind_Full\textures\tx_glass_bottle_brown_01.dds,True,5568,textures_upscaled\tx_glass_bottle_brown_01.dds,True,43856,True,Materials\morrowind\tx_glass_bottle_brown_01.mat,4,Misc_Com_Bottle_14; misc_com_bottle_11; misc_com_bottle_12; misc_com_bottle_15
tx_glass_bottle_green,C:\Users\max\Projects\Morrowind\raw_assets\Morrowind_Full\textures\tx_glass_bottle_green.dds,True,5568,textures_upscaled\tx_glass_bottle_green.dds,True,43856,True,Materials\morrowind\tx_glass_bottle_green.mat,5,Misc_Com_Bottle_04; Misc_Com_Bottle_08; misc_com_bottle_02; misc_com_bottle_03; misc_com_bottle_09
tx_glass_bottle_green_01,C:\Users\max\Projects\Morrowind\raw_assets\Morrowind_Full\textures\tx_glass_bottle_green_01.dds,True,5568,textures_upscaled\tx_glass_bottle_green_01.dds,True,43856,True,Materials\morrowind\tx_glass_bottle_green_01.mat,5,Misc_Com_Bottle_04; Misc_Com_Bottle_08; misc_com_bottle_02; misc_com_bottle_03; misc_com_bottle_09
tx_guar_nail_00,C:\Users\max\Projects\Morrowind\raw_assets\Morrowind_Full\textures\tx_guar_nail_00.dds,True,800,textures_upscaled\tx_guar_nail_00.dds,True,5616,True,Materials\morrowind\tx_guar_nail_00.mat,1,furn_hook_01
tx_hinge_01,C:\Users\max\Projects\Morrowind\raw_assets\Morrowind_Full\textures\tx_hinge_01.dds,True,800,textures_upscaled\tx_hinge_01.dds,True,5616,True,Materials\morrowind\tx_hinge_01.mat,3,ex_nord_door_01; ex_nord_win_01; ex_nord_win_02
tx_hinge_02,C:\Users\max\Projects\Morrowind\raw_assets\Morrowind_Full\textures\tx_hinge_02.dds,True,800,textures_upscaled\tx_hinge_02.dds,True,5616,True,Materials\morrowind\tx_hinge_02.mat,3,Ex_De_SN_Gate; Light_Com_Candle_11; light_com_candle_07
tx_imp_archdoor,C:\Users\max\Projects\Morrowind\raw_assets\Morrowind_Full\textures\tx_imp_archdoor.dds,True,21952,textures_upscaled\tx_imp_archdoor.dds,True,174928,True,Materials\morrowind\tx_imp_archdoor.mat,1,in_c_door_arched
tx_kelp_01,C:\Users\max\Projects\Morrowind\raw_assets\Morrowind_Full\textures\tx_kelp_01.dds,True,2816,textures_upscaled\tx_kelp_01.dds,True,22032,True,Materials\morrowind\tx_kelp_01.mat,2,Flora_kelp_01; Flora_kelp_02
tx_kelp_02,C:\Users\max\Projects\Morrowind\raw_assets\Morrowind_Full\textures\tx_kelp_02.dds,True,800,textures_upscaled\tx_kelp_02.dds,True,5616,True,Materials\morrowind\tx_kelp_02.mat,4,Flora_kelp_01; Flora_kelp_02; Flora_kelp_03; Flora_kelp_04
tx_kelp_03,C:\Users\max\Projects\Morrowind\raw_assets\Morrowind_Full\textures\tx_kelp_03.dds,True,11040,textures_upscaled\tx_kelp_03.dds,True,87536,True,Materials\morrowind\tx_kelp_03.mat,2,Flora_kelp_03; Flora_kelp_04
tx_kelp_04,C:\Users\max\Projects\Morrowind\raw_assets\Morrowind_Full\textures\tx_kelp_04.dds,True,800,textures_upscaled\tx_kelp_04.dds,True,5616,True,Materials\morrowind\tx_kelp_04.mat,2,Flora_kelp_03; Flora_kelp_04
tx_keyhole_01,C:\Users\max\Projects\Morrowind\raw_assets\Morrowind_Full\textures\tx_keyhole_01.dds,True,800,textures_upscaled\tx_keyhole_01.dds,True,5616,True,Materials\morrowind\tx_keyhole_01.mat,2,ex_common_door_01; ex_common_door_balcony
tx_keyhole_02,C:\Users\max\Projects\Morrowind\raw_assets\Morrowind_Full\textures\tx_keyhole_02.dds,True,800,textures_upscaled\tx_keyhole_02.dds,True,5616,True,Materials\morrowind\tx_keyhole_02.mat,1,in_c_door_arched
tx_kwama_egge_00,C:\Users\max\Projects\Morrowind\raw_assets\Morrowind_Full\textures\tx_kwama_egge_00.dds,True,2848,textures_upscaled\tx_kwama_egge_00.dds,True,22000,True,Materials\morrowind\tx_kwama_egge_00.mat,1,food_kwama_egg_02
tx_limeware_platter,C:\Users\max\Projects\Morrowind\raw_assets\Morrowind_Full\textures\tx_limeware_platter.dds,True,21952,textures_upscaled\tx_limeware_platter.dds,True,174928,True,Materials\morrowind\tx_limeware_platter.mat,1,misc_lw_platter
tx_limeware_platter_01,C:\Users\max\Projects\Morrowind\raw_assets\Morrowind_Full\textures\tx_limeware_platter_01.dds,True,21952,textures_upscaled\tx_limeware_platter_01.dds,True,174928,True,Materials\morrowind\tx_limeware_platter_01.mat,1,misc_lw_platter
tx_limeware_strip_01,C:\Users\max\Projects\Morrowind\raw_assets\Morrowind_Full\textures\tx_limeware_strip_01.dds,True,2816,textures_upscaled\tx_limeware_strip_01.dds,True,22032,True,Materials\morrowind\tx_limeware_strip_01.mat,1,misc_lw_platter
tx_metal_brass_plate,C:\Users\max\Projects\Morrowind\raw_assets\Morrowind_Full\textures\tx_metal_brass_plate.dds,True,11040,textures_upscaled\tx_metal_brass_plate.dds,True,87536,True,Materials\morrowind\tx_metal_brass_plate.mat,1,misc_com_metal_plate_07
tx_metal_iron_rusty,C:\Users\max\Projects\Morrowind\raw_assets\Morrowind_Full\textures\tx_metal_iron_rusty.dds,True,87536,textures_upscaled\tx_metal_iron_rusty.dds,True,349680,True,Materials\morrowind\tx_metal_iron_rusty.mat,11,Ex_De_Shack_Door; Furn_Com_Kegstand; Light_Com_Candle_01; furn_com_cauldron_01; furn_com_cauldron_02; in_de_shack_door; light_com_chandelier_01; light_com_chandelier_03; light_com_lamp_01; light_com_lamp_02
tx_metal_iron_rusty_01,C:\Users\max\Projects\Morrowind\raw_assets\Morrowind_Full\textures\tx_metal_iron_rusty_01.dds,True,2848,textures_upscaled\tx_metal_iron_rusty_01.dds,True,22000,True,Materials\morrowind\tx_metal_iron_rusty_01.mat,5,furn_com_cauldron_01; furn_com_torch_ring_01; light_de_lantern_03; light_de_lantern_07; light_de_lantern_08
tx_metal_iron_rusty_strip_01,C:\Users\max\Projects\Morrowind\raw_assets\Morrowind_Full\textures\tx_metal_iron_rusty_strip_01.dds,True,768,textures_upscaled\tx_metal_iron_rusty_strip_01.dds,True,5648,True,Materials\morrowind\tx_metal_iron_rusty_strip_01.mat,3,light_de_lantern_03; light_de_lantern_07; light_de_lantern_08
tx_metal_iron_rusty_strip_02,C:\Users\max\Projects\Morrowind\raw_assets\Morrowind_Full\textures\tx_metal_iron_rusty_strip_02.dds,True,768,textures_upscaled\tx_metal_iron_rusty_strip_02.dds,True,5648,True,Materials\morrowind\tx_metal_iron_rusty_strip_02.mat,3,light_de_lantern_03; light_de_lantern_07; light_de_lantern_08
tx_metal_pewter_01,C:\Users\max\Projects\Morrowind\raw_assets\Morrowind_Full\textures\tx_metal_pewter_01.dds,True,2848,textures_upscaled\tx_metal_pewter_01.dds,True,22000,True,Materials\morrowind\tx_metal_pewter_01.mat,3,misc_com_metal_goblet_02; misc_com_tankard_01; misc_com_wood_knife
tx_metal_pewter_02,C:\Users\max\Projects\Morrowind\raw_assets\Morrowind_Full\textures\tx_metal_pewter_02.dds,True,11040,textures_upscaled\tx_metal_pewter_02.dds,True,87536,True,Materials\morrowind\tx_metal_pewter_02.mat,1,misc_com_metal_plate_04
tx_metal_pewter_03,C:\Users\max\Projects\Morrowind\raw_assets\Morrowind_Full\textures\tx_metal_pewter_03.dds,True,11040,textures_upscaled\tx_metal_pewter_03.dds,True,87536,True,Materials\morrowind\tx_metal_pewter_03.mat,3,Light_Com_Candle_12; light_com_candle_05; misc_com_metal_plate_05
tx_metal_pewter_04,C:\Users\max\Projects\Morrowind\raw_assets\Morrowind_Full\textures\tx_metal_pewter_04.dds,True,5568,textures_upscaled\tx_metal_pewter_04.dds,True,43856,True,Materials\morrowind\tx_metal_pewter_04.mat,12,Misc_Com_Pitcher_Metal_01; furn_c_t_theif_01; furn_c_t_warrior_01; furn_c_t_wizard_01; furn_com_tapestry_01; furn_com_tapestry_02; furn_com_tapestry_03; furn_com_tapestry_04; furn_com_tapestry_05; light_com_sconce_01
tx_metal_rusty_lock,C:\Users\max\Projects\Morrowind\raw_assets\Morrowind_Full\textures\tx_metal_rusty_lock.dds,True,800,textures_upscaled\tx_metal_rusty_lock.dds,True,5616,True,Materials\morrowind\tx_metal_rusty_lock.mat,3,Ex_De_SN_Gate; Ex_De_Shack_Door; in_de_shack_door
tx_metal_silver,C:\Users\max\Projects\Morrowind\raw_assets\Morrowind_Full\textures\tx_metal_silver.dds,True,5568,textures_upscaled\tx_metal_silver.dds,True,43856,True,Materials\morrowind\tx_metal_silver.mat,3,misc_com_silverware_fork; misc_com_silverware_knife; misc_de_fishing_pole
tx_metal_silver_strip_01,C:\Users\max\Projects\Morrowind\raw_assets\Morrowind_Full\textures\tx_metal_silver_strip_01.dds,True,2816,textures_upscaled\tx_metal_silver_strip_01.dds,True,22032,True,Materials\morrowind\tx_metal_silver_strip_01.mat,3,Misc_Inkwell; misc_com_silverware_fork; misc_com_silverware_knife
tx_metal_silver_strip_02,C:\Users\max\Projects\Morrowind\raw_assets\Morrowind_Full\textures\tx_metal_silver_strip_02.dds,True,1408,textures_upscaled\tx_metal_silver_strip_02.dds,True,11152,True,Materials\morrowind\tx_metal_silver_strip_02.mat,2,Misc_Inkwell; Potion_Cyro_Whiskey_01
tx_metal_strip_01,C:\Users\max\Projects\Morrowind\raw_assets\Morrowind_Full\textures\tx_metal_strip_01.dds,True,2816,textures_upscaled\tx_metal_strip_01.dds,True,22032,True,Materials\morrowind\tx_metal_strip_01.mat,13,ex_common_door_01; ex_common_door_balcony; ex_common_window_01; ex_nord_door_01; ex_nord_win_01; ex_nord_win_02; furn_com_fence_03; furn_com_lantern_hook_02; in_c_door_arched; in_nord_fireplace_01
tx_metal_strip_02,C:\Users\max\Projects\Morrowind\raw_assets\Morrowind_Full\textures\tx_metal_strip_02.dds,True,2816,textures_upscaled\tx_metal_strip_02.dds,True,22032,True,Materials\morrowind\tx_metal_strip_02.mat,18,Ex_De_SN_Gate; active_de_bed_30; furn_c_t_theif_01; furn_c_t_warrior_01; furn_c_t_wizard_01; furn_com_cauldron_01; furn_com_lantern_hook; furn_com_tapestry_01; furn_com_tapestry_02; furn_com_tapestry_03
tx_misc_lantern_paper_02,C:\Users\max\Projects\Morrowind\raw_assets\Morrowind_Full\textures\tx_misc_lantern_paper_02.dds,True,2848,textures_upscaled\tx_misc_lantern_paper_02.dds,True,22000,True,Materials\morrowind\tx_misc_lantern_paper_02.mat,1,light_de_lantern_03
tx_misc_lantern_paper_03,C:\Users\max\Projects\Morrowind\raw_assets\Morrowind_Full\textures\tx_misc_lantern_paper_03.dds,True,2848,textures_upscaled\tx_misc_lantern_paper_03.dds,True,22000,True,Materials\morrowind\tx_misc_lantern_paper_03.mat,2,light_de_lantern_07; light_de_lantern_08
tx_plate_blue,C:\Users\max\Projects\Morrowind\raw_assets\Morrowind_Full\textures\tx_plate_blue.dds,True,2848,textures_upscaled\tx_plate_blue.dds,True,22000,True,Materials\morrowind\tx_plate_blue.mat,1,misc_com_plate_02
tx_plate_brown,C:\Users\max\Projects\Morrowind\raw_assets\Morrowind_Full\textures\tx_plate_brown.dds,True,2848,textures_upscaled\tx_plate_brown.dds,True,22000,True,Materials\morrowind\tx_plate_brown.mat,1,misc_com_plate_01
tx_quill,C:\Users\max\Projects\Morrowind\raw_assets\Morrowind_Full\textures\tx_quill.dds,True,5504,textures_upscaled\tx_quill.dds,True,22032,True,Materials\morrowind\tx_quill.mat,1,Misc_Quill
tx_redware_strip_01,C:\Users\max\Projects\Morrowind\raw_assets\Morrowind_Full\textures\tx_redware_strip_01.dds,True,1472,textures_upscaled\tx_redware_strip_01.dds,True,11088,True,Materials\morrowind\tx_redware_strip_01.mat,1,Furn_Com_Planter
tx_redware_strip_02,C:\Users\max\Projects\Morrowind\raw_assets\Morrowind_Full\textures\tx_redware_strip_02.dds,True,1472,textures_upscaled\tx_redware_strip_02.dds,True,11088,True,Materials\morrowind\tx_redware_strip_02.mat,1,Furn_Com_Planter
tx_rooftop_01,C:\Users\max\Projects\Morrowind\raw_assets\Morrowind_Full\textures\tx_rooftop_01.dds,True,5504,textures_upscaled\tx_rooftop_01.dds,True,43920,True,Materials\morrowind\tx_rooftop_01.mat,1,ex_common_window_01
tx_rope_brown_02,C:\Users\max\Projects\Morrowind\raw_assets\Morrowind_Full\textures\tx_rope_brown_02.dds,True,2848,textures_upscaled\tx_rope_brown_02.dds,True,22000,True,Materials\morrowind\tx_rope_brown_02.mat,2,ex_common_balcony_01; ex_common_house_addon
tx_rope_heavy,C:\Users\max\Projects\Morrowind\raw_assets\Morrowind_Full\textures\tx_rope_heavy.dds,True,2816,textures_upscaled\tx_rope_heavy.dds,True,22032,True,Materials\morrowind\tx_rope_heavy.mat,15,Ex_De_Docks_Piling_01; Ex_De_Shack_Door; ex_de_docks_center; ex_de_docks_end; ex_de_railing_01; ex_de_railing_02; ex_de_railing_03; furn_de_firepit; furn_de_rope_03; furn_de_shack_post
tx_rope_heavy_01,C:\Users\max\Projects\Morrowind\raw_assets\Morrowind_Full\textures\tx_rope_heavy_01.dds,True,2816,textures_upscaled\tx_rope_heavy_01.dds,True,22032,True,Materials\morrowind\tx_rope_heavy_01.mat,7,active_de_bed_30; furn_com_tapestry_01; furn_com_tapestry_02; furn_com_tapestry_03; furn_com_tapestry_04; furn_com_tapestry_05; light_com_chandelier_01
tx_rope_woven_01,C:\Users\max\Projects\Morrowind\raw_assets\Morrowind_Full\textures\tx_rope_woven_01.dds,True,43776,textures_upscaled\tx_rope_woven_01.dds,True,174928,True,Materials\morrowind\tx_rope_woven_01.mat,1,active_de_bed_30
tx_ropestrip_01,C:\Users\max\Projects\Morrowind\raw_assets\Morrowind_Full\textures\tx_ropestrip_01.dds,True,2816,textures_upscaled\tx_ropestrip_01.dds,True,22032,True,Materials\morrowind\tx_ropestrip_01.mat,4,furn_c_t_theif_01; furn_c_t_warrior_01; furn_c_t_wizard_01; furn_de_tapestry_03
tx_shack_foundation,C:\Users\max\Projects\Morrowind\raw_assets\Morrowind_Full\textures\tx_shack_foundation.dds,True,43808,textures_upscaled\tx_shack_foundation.dds,True,349680,True,Materials\morrowind\tx_shack_foundation.mat,4,ex_de_shack_02; ex_de_shack_03; in_de_shack_02; in_de_shack_03
tx_shack_screen,C:\Users\max\Projects\Morrowind\raw_assets\Morrowind_Full\textures\tx_shack_screen.dds,True,2848,textures_upscaled\tx_shack_screen.dds,True,22000,True,Materials\morrowind\tx_shack_screen.mat,4,ex_de_shack_02; ex_de_shack_03; in_de_shack_02; in_de_shack_03
tx_shack_thatch,C:\Users\max\Projects\Morrowind\raw_assets\Morrowind_Full\textures\tx_shack_thatch.dds,True,43808,textures_upscaled\tx_shack_thatch.dds,True,349680,True,Materials\morrowind\tx_shack_thatch.mat,4,ex_de_shack_02; ex_de_shack_03; in_de_shack_02; in_de_shack_03
tx_shack_thatch_strip,C:\Users\max\Projects\Morrowind\raw_assets\Morrowind_Full\textures\tx_shack_thatch_strip.dds,True,21888,textures_upscaled\tx_shack_thatch_strip.dds,True,87568,True,Materials\morrowind\tx_shack_thatch_strip.mat,2,ex_de_shack_02; ex_de_shack_03
tx_shack_wicker,C:\Users\max\Projects\Morrowind\raw_assets\Morrowind_Full\textures\tx_shack_wicker.dds,True,11040,textures_upscaled\tx_shack_wicker.dds,True,87536,True,Materials\morrowind\tx_shack_wicker.mat,2,furn_de_shack_basket_01; furn_de_shack_basket_02
tx_shack_wicker_01,C:\Users\max\Projects\Morrowind\raw_assets\Morrowind_Full\textures\tx_shack_wicker_01.dds,True,2816,textures_upscaled\tx_shack_wicker_01.dds,True,22032,True,Materials\morrowind\tx_shack_wicker_01.mat,2,furn_de_shack_basket_01; furn_de_shack_basket_02
tx_smokealpha00,C:\Users\max\Projects\Morrowind\raw_assets\Morrowind_Full\textures\tx_smokealpha00.dds,True,5568,textures_upscaled\tx_smokealpha00.dds,True,22000,True,Materials\morrowind\tx_smokealpha00.mat,3,Light_Fire; light_com_torch_01; light_logpile10
tx_stone_bluegrey,C:\Users\max\Projects\Morrowind\raw_assets\Morrowind_Full\textures\tx_stone_bluegrey.dds,True,11040,textures_upscaled\tx_stone_bluegrey.dds,True,87536,True,Materials\morrowind\tx_stone_bluegrey.mat,2,ex_common_lighthouse; in_common_lighthouse
tx_stone_darkgrey_01,C:\Users\max\Projects\Morrowind\raw_assets\Morrowind_Full\textures\tx_stone_darkgrey_01.dds,True,43808,textures_upscaled\tx_stone_darkgrey_01.dds,True,349680,True,Materials\morrowind\tx_stone_darkgrey_01.mat,1,furn_de_firepit
tx_stone_plain_01,C:\Users\max\Projects\Morrowind\raw_assets\Morrowind_Full\textures\tx_stone_plain_01.dds,True,11040,textures_upscaled\tx_stone_plain_01.dds,True,87536,True,Materials\morrowind\tx_stone_plain_01.mat,14,ex_common_chimney_tall; ex_drystonewall_c_01; ex_drystonewall_end_01; ex_drystonewall_s_01; ex_nord_chimney_01; ex_nord_doorf_01; ex_nord_house_01; ex_nord_house_02; ex_nord_house_03; ex_nord_rock_01
tx_straw_broom,C:\Users\max\Projects\Morrowind\raw_assets\Morrowind_Full\textures\tx_straw_broom.dds,True,2848,textures_upscaled\tx_straw_broom.dds,True,22000,True,Materials\morrowind\tx_straw_broom.mat,1,misc_com_broom_01
tx_straw_woven,C:\Users\max\Projects\Morrowind\raw_assets\Morrowind_Full\textures\tx_straw_woven.dds,True,11040,textures_upscaled\tx_straw_woven.dds,True,87536,True,Materials\morrowind\tx_straw_woven.mat,5,misc_com_basket_01; misc_com_bottle_01; misc_com_bottle_10; misc_com_bottle_15; misc_de_basket_01
tx_strong_brick00,C:\Users\max\Projects\Morrowind\raw_assets\Morrowind_Full\textures\tx_strong_brick00.dds,True,43808,textures_upscaled\tx_strong_brick00.dds,True,349680,True,Materials\morrowind\tx_strong_brick00.mat,3,ex_common_lighthouse; furn_firepit00; in_common_lighthouse
tx_stucco_imp_02,C:\Users\max\Projects\Morrowind\raw_assets\Morrowind_Full\textures\tx_stucco_imp_02.dds,True,43808,textures_upscaled\tx_stucco_imp_02.dds,True,349680,True,Materials\morrowind\tx_stucco_imp_02.mat,6,ex_common_balcony_01; ex_common_house_tall_01; ex_common_house_tall_02; ex_common_skywalk_01; ex_common_tower_thatch; in_common_tower_thatch
tx_thatch_01,C:\Users\max\Projects\Morrowind\raw_assets\Morrowind_Full\textures\tx_thatch_01.dds,True,43808,textures_upscaled\tx_thatch_01.dds,True,349680,True,Materials\morrowind\tx_thatch_01.mat,13,ex_common_balcony_01; ex_common_house_addon; ex_common_house_tall_01; ex_common_house_tall_02; ex_common_skywalk_01; ex_common_tower_thatch; ex_nord_house_01; ex_nord_house_02; ex_nord_house_03; in_common_tower_thatch
tx_wall_brick_imp_01,C:\Users\max\Projects\Morrowind\raw_assets\Morrowind_Full\textures\tx_wall_brick_imp_01.dds,True,43808,textures_upscaled\tx_wall_brick_imp_01.dds,True,349680,True,Materials\morrowind\tx_wall_brick_imp_01.mat,6,ex_common_house_addon; ex_common_house_tall_01; ex_common_house_tall_02; ex_common_lighthouse; ex_common_tower_thatch; in_common_tower_thatch
tx_wall_plaster_interior,C:\Users\max\Projects\Morrowind\raw_assets\Morrowind_Full\textures\tx_wall_plaster_interior.dds,True,43808,textures_upscaled\tx_wall_plaster_interior.dds,True,349680,True,Materials\morrowind\tx_wall_plaster_interior.mat,12,in_c_djamb_plain_arched; in_c_djamb_plain_square; in_c_plain_3way; in_c_plain_corner; in_c_plain_endcap; in_c_plain_hall_small; in_c_plain_room_corner; in_c_plain_room_side; in_c_plain_stair_short; in_c_stair_plain_tall_01
tx_wall_stone_01,C:\Users\max\Projects\Morrowind\raw_assets\Morrowind_Full\textures\tx_wall_stone_01.dds,True,43808,textures_upscaled\tx_wall_stone_01.dds,True,349680,True,Materials\morrowind\tx_wall_stone_01.mat,16,ex_common_chimney_tall; ex_common_house_addon; ex_common_house_tall_01; ex_common_house_tall_02; ex_common_lighthouse; ex_common_tower_thatch; ex_drystonewall_c_01; ex_drystonewall_end_01; ex_drystonewall_s_01; ex_nord_house_01
tx_wall_stuccostone_01,C:\Users\max\Projects\Morrowind\raw_assets\Morrowind_Full\textures\tx_wall_stuccostone_01.dds,True,43808,textures_upscaled\tx_wall_stuccostone_01.dds,True,349680,True,Materials\morrowind\tx_wall_stuccostone_01.mat,7,ex_common_house_addon; ex_common_house_tall_01; ex_common_house_tall_02; ex_common_tower_thatch; ex_nord_house_03; in_common_tower_thatch; in_nord_house_03
tx_wall_stuccostone_el_01,C:\Users\max\Projects\Morrowind\raw_assets\Morrowind_Full\textures\tx_wall_stuccostone_el_01.dds,True,5504,textures_upscaled\tx_wall_stuccostone_el_01.dds,True,43920,True,Materials\morrowind\tx_wall_stuccostone_el_01.mat,3,ex_common_house_tall_02; ex_nord_house_03; in_nord_house_03
tx_wall_stuccostone_er_01,C:\Users\max\Projects\Morrowind\raw_assets\Morrowind_Full\textures\tx_wall_stuccostone_er_01.dds,True,5504,textures_upscaled\tx_wall_stuccostone_er_01.dds,True,43920,True,Materials\morrowind\tx_wall_stuccostone_er_01.mat,3,ex_common_house_tall_02; ex_nord_house_03; in_nord_house_03
tx_wall_workedstone_washed_01,C:\Users\max\Projects\Morrowind\raw_assets\Morrowind_Full\textures\tx_wall_workedstone_washed_01.dds,True,43808,textures_upscaled\tx_wall_workedstone_washed_01.dds,True,349680,True,Materials\morrowind\tx_wall_workedstone_washed_01.mat,5,in_c_djamb_stone_arched; in_c_stone_3way; in_c_stone_corner; in_c_stone_endcap; in_c_stone_hall_small
tx_wax_aqua_02,C:\Users\max\Projects\Morrowind\raw_assets\Morrowind_Full\textures\tx_wax_aqua_02.dds,True,2848,textures_upscaled\tx_wax_aqua_02.dds,True,22000,True,Materials\morrowind\tx_wax_aqua_02.mat,3,Light_Com_Candle_11; Light_Com_Candle_12; light_com_candle_05
tx_wax_tan_03,C:\Users\max\Projects\Morrowind\raw_assets\Morrowind_Full\textures\tx_wax_tan_03.dds,True,2848,textures_upscaled\tx_wax_tan_03.dds,True,22000,True,Materials\morrowind\tx_wax_tan_03.mat,9,Light_Com_Candle_01; light_com_candle_07; light_com_chandelier_01; light_com_chandelier_03; light_com_lamp_01; light_com_lamp_02; light_com_lantern_02; light_com_sconce_01; light_com_sconce_02
tx_wicker_brown_02,C:\Users\max\Projects\Morrowind\raw_assets\Morrowind_Full\textures\tx_wicker_brown_02.dds,True,5568,textures_upscaled\tx_wicker_brown_02.dds,True,43856,True,Materials\morrowind\tx_wicker_brown_02.mat,1,active_de_bedroll
tx_wicker_tan,C:\Users\max\Projects\Morrowind\raw_assets\Morrowind_Full\textures\tx_wicker_tan.dds,True,2848,textures_upscaled\tx_wicker_tan.dds,True,22000,True,Materials\morrowind\tx_wicker_tan.mat,3,Misc_Com_Bottle_04; misc_com_basket_02; misc_com_bottle_09
tx_window_diamond_01,C:\Users\max\Projects\Morrowind\raw_assets\Morrowind_Full\textures\tx_window_diamond_01.dds,True,5568,textures_upscaled\tx_window_diamond_01.dds,True,43856,True,Materials\morrowind\tx_window_diamond_01.mat,1,ex_common_window_01
tx_window_pane,C:\Users\max\Projects\Morrowind\raw_assets\Morrowind_Full\textures\tx_window_pane.dds,True,5568,textures_upscaled\tx_window_pane.dds,True,22000,True,Materials\morrowind\tx_window_pane.mat,1,light_com_lantern_02
tx_wood_barnacle_01,C:\Users\max\Projects\Morrowind\raw_assets\Morrowind_Full\textures\tx_wood_barnacle_01.dds,True,11040,textures_upscaled\tx_wood_barnacle_01.dds,True,87536,True,Materials\morrowind\tx_wood_barnacle_01.mat,2,ex_de_docks_center; ex_de_docks_end
tx_wood_barnacle_02,C:\Users\max\Projects\Morrowind\raw_assets\Morrowind_Full\textures\tx_wood_barnacle_02.dds,True,11040,textures_upscaled\tx_wood_barnacle_02.dds,True,87536,True,Materials\morrowind\tx_wood_barnacle_02.mat,2,ex_de_docks_center; ex_de_docks_end
tx_wood_baseboard_01,C:\Users\max\Projects\Morrowind\raw_assets\Morrowind_Full\textures\tx_wood_baseboard_01.dds,True,2816,textures_upscaled\tx_wood_baseboard_01.dds,True,22032,True,Materials\morrowind\tx_wood_baseboard_01.mat,5,ex_common_door_01; in_nord_house_01; in_nord_house_02; in_nord_house_03; light_com_lantern_02
tx_wood_brown_box_01,C:\Users\max\Projects\Morrowind\raw_assets\Morrowind_Full\textures\tx_wood_brown_box_01.dds,True,11040,textures_upscaled\tx_wood_brown_box_01.dds,True,87536,True,Materials\morrowind\tx_wood_brown_box_01.mat,2,furn_crate_lid_01; furn_crate_open_01
tx_wood_brown_metal,C:\Users\max\Projects\Morrowind\raw_assets\Morrowind_Full\textures\tx_wood_brown_metal.dds,True,11040,textures_upscaled\tx_wood_brown_metal.dds,True,87536,True,Materials\morrowind\tx_wood_brown_metal.mat,1,Furn_Com_Kegstand
tx_wood_brown_posts_02,C:\Users\max\Projects\Morrowind\raw_assets\Morrowind_Full\textures\tx_wood_brown_posts_02.dds,True,11040,textures_upscaled\tx_wood_brown_posts_02.dds,True,87536,True,Materials\morrowind\tx_wood_brown_posts_02.mat,31,ex_common_balcony_01; ex_common_door_balcony; ex_common_house_addon; ex_common_house_tall_01; ex_common_house_tall_02; ex_common_skywalk_01; ex_common_tower_thatch; ex_common_window_01; ex_nord_door_01; ex_nord_doorf_01
tx_wood_brown_rings_01,C:\Users\max\Projects\Morrowind\raw_assets\Morrowind_Full\textures\tx_wood_brown_rings_01.dds,True,2848,textures_upscaled\tx_wood_brown_rings_01.dds,True,22000,True,Materials\morrowind\tx_wood_brown_rings_01.mat,10,ex_common_balcony_01; ex_common_house_tall_01; ex_nord_house_01; ex_nord_house_02; ex_nord_house_03; furn_log_01; furn_log_03; furn_log_04; in_nord_house_01; in_nord_house_02
tx_wood_brown_shelf,C:\Users\max\Projects\Morrowind\raw_assets\Morrowind_Full\textures\tx_wood_brown_shelf.dds,True,11040,textures_upscaled\tx_wood_brown_shelf.dds,True,87536,True,Materials\morrowind\tx_wood_brown_shelf.mat,13,Furn_Com_Kegstand; furn_c_t_theif_01; furn_c_t_warrior_01; furn_c_t_wizard_01; furn_com_tapestry_01; furn_com_tapestry_02; furn_com_tapestry_03; furn_com_tapestry_04; furn_com_tapestry_05; light_com_chandelier_03
tx_wood_brown_shield,C:\Users\max\Projects\Morrowind\raw_assets\Morrowind_Full\textures\tx_wood_brown_shield.dds,True,11040,textures_upscaled\tx_wood_brown_shield.dds,True,87536,True,Materials\morrowind\tx_wood_brown_shield.mat,1,furn_com_coatofarms_01
tx_wood_brown_strip,C:\Users\max\Projects\Morrowind\raw_assets\Morrowind_Full\textures\tx_wood_brown_strip.dds,True,768,textures_upscaled\tx_wood_brown_strip.dds,True,5648,True,Materials\morrowind\tx_wood_brown_strip.mat,3,furn_com_coatofarms_01; light_com_sconce_01; light_com_sconce_02
tx_wood_ceilingpanel_02,C:\Users\max\Projects\Morrowind\raw_assets\Morrowind_Full\textures\tx_wood_ceilingpanel_02.dds,True,11040,textures_upscaled\tx_wood_ceilingpanel_02.dds,True,87536,True,Materials\morrowind\tx_wood_ceilingpanel_02.mat,10,in_c_plain_3way; in_c_plain_corner; in_c_plain_endcap; in_c_plain_hall_small; in_c_plain_room_corner; in_c_plain_room_entry; in_c_plain_room_side; in_c_plain_stair_short; in_c_stair_plain_tall_01; in_c_stair_plain_tall_02
tx_wood_cherry,C:\Users\max\Projects\Morrowind\raw_assets\Morrowind_Full\textures\tx_wood_cherry.dds,True,11040,textures_upscaled\tx_wood_cherry.dds,True,87536,True,Materials\morrowind\tx_wood_cherry.mat,1,Misc_Com_Wood_Bowl_05
tx_wood_coatofarms_01,C:\Users\max\Projects\Morrowind\raw_assets\Morrowind_Full\textures\tx_wood_coatofarms_01.dds,True,11040,textures_upscaled\tx_wood_coatofarms_01.dds,True,87536,True,Materials\morrowind\tx_wood_coatofarms_01.mat,1,furn_com_coatofarms_01
tx_wood_dock_rings,C:\Users\max\Projects\Morrowind\raw_assets\Morrowind_Full\textures\tx_wood_dock_rings.dds,True,2848,textures_upscaled\tx_wood_dock_rings.dds,True,22000,True,Materials\morrowind\tx_wood_dock_rings.mat,11,Ex_De_SN_Gate; ex_common_plat_cent; ex_common_plat_corn; ex_common_plat_end; ex_de_docks_center; ex_de_docks_end; ex_de_docks_steps_01; ex_de_shack_plank_01; ex_de_shack_plank_02; misc_com_broom_01
tx_wood_docks_01,C:\Users\max\Projects\Morrowind\raw_assets\Morrowind_Full\textures\tx_wood_docks_01.dds,True,21952,textures_upscaled\tx_wood_docks_01.dds,True,174928,True,Materials\morrowind\tx_wood_docks_01.mat,11,ex_common_plat_cent; ex_common_plat_corn; ex_common_plat_end; ex_de_docks_center; ex_de_docks_end; ex_de_docks_steps_01; ex_de_oar; ex_de_shack_plank_01; ex_de_shack_plank_02; misc_com_broom_01
tx_wood_grey_planks_01,C:\Users\max\Projects\Morrowind\raw_assets\Morrowind_Full\textures\tx_wood_grey_planks_01.dds,True,11040,textures_upscaled\tx_wood_grey_planks_01.dds,True,87536,True,Materials\morrowind\tx_wood_grey_planks_01.mat,9,ex_com_dframe_lthus; ex_common_house_tall_02; ex_common_lighthouse; ex_common_skywalk_01; in_c_stone_3way; in_c_stone_corner; in_c_stone_endcap; in_c_stone_hall_small; misc_com_bucket_01
tx_wood_greyplanks,C:\Users\max\Projects\Morrowind\raw_assets\Morrowind_Full\textures\tx_wood_greyplanks.dds,True,43808,textures_upscaled\tx_wood_greyplanks.dds,True,349680,True,Materials\morrowind\tx_wood_greyplanks.mat,2,in_common_lighthouse; in_common_tower_thatch
tx_wood_interior_plain,C:\Users\max\Projects\Morrowind\raw_assets\Morrowind_Full\textures\tx_wood_interior_plain.dds,True,11008,textures_upscaled\tx_wood_interior_plain.dds,True,87568,True,Materials\morrowind\tx_wood_interior_plain.mat,19,in_c_djamb_plain_arched; in_c_djamb_plain_square; in_c_door_arched; in_c_doorframe_01; in_c_pillar_wood; in_c_plain_3way; in_c_plain_corner; in_c_plain_endcap; in_c_plain_hall_small; in_c_plain_room_corner
tx_wood_interior_plain_01,C:\Users\max\Projects\Morrowind\raw_assets\Morrowind_Full\textures\tx_wood_interior_plain_01.dds,True,11008,textures_upscaled\tx_wood_interior_plain_01.dds,True,87568,True,Materials\morrowind\tx_wood_interior_plain_01.mat,8,Misc_Com_Wood_Bowl_01; misc_com_wood_bowl_04; misc_com_wood_cup_01; misc_com_wood_cup_02; misc_com_wood_fork; misc_com_wood_knife; misc_com_wood_spoon_01; misc_com_wood_spoon_02
tx_wood_khaki_01,C:\Users\max\Projects\Morrowind\raw_assets\Morrowind_Full\textures\tx_wood_khaki_01.dds,True,21952,textures_upscaled\tx_wood_khaki_01.dds,True,174928,True,Materials\morrowind\tx_wood_khaki_01.mat,3,furn_log_04; light_com_chandelier_01; misc_com_wood_bowl_02
tx_wood_oldwood_rings,C:\Users\max\Projects\Morrowind\raw_assets\Morrowind_Full\textures\tx_wood_oldwood_rings.dds,True,2848,textures_upscaled\tx_wood_oldwood_rings.dds,True,22000,True,Materials\morrowind\tx_wood_oldwood_rings.mat,1,furn_de_tapestry_03
tx_wood_oldwood_scarred,C:\Users\max\Projects\Morrowind\raw_assets\Morrowind_Full\textures\tx_wood_oldwood_scarred.dds,True,11040,textures_upscaled\tx_wood_oldwood_scarred.dds,True,87536,True,Materials\morrowind\tx_wood_oldwood_scarred.mat,1,furn_de_tapestry_03
tx_wood_shack_door,C:\Users\max\Projects\Morrowind\raw_assets\Morrowind_Full\textures\tx_wood_shack_door.dds,True,21952,textures_upscaled\tx_wood_shack_door.dds,True,174928,True,Materials\morrowind\tx_wood_shack_door.mat,2,Ex_De_Shack_Door; in_de_shack_door
tx_wood_siding,C:\Users\max\Projects\Morrowind\raw_assets\Morrowind_Full\textures\tx_wood_siding.dds,True,43808,textures_upscaled\tx_wood_siding.dds,True,349680,True,Materials\morrowind\tx_wood_siding.mat,7,ex_common_plat_cent; ex_common_plat_corn; ex_common_plat_end; ex_de_shack_02; ex_de_shack_03; in_de_shack_02; in_de_shack_03
tx_wood_siding_01,C:\Users\max\Projects\Morrowind\raw_assets\Morrowind_Full\textures\tx_wood_siding_01.dds,True,43808,textures_upscaled\tx_wood_siding_01.dds,True,349680,True,Materials\morrowind\tx_wood_siding_01.mat,5,Ex_De_SN_Gate; ex_de_shack_02; ex_de_shack_03; in_de_shack_02; in_de_shack_03
tx_wood_tan_rings_01,C:\Users\max\Projects\Morrowind\raw_assets\Morrowind_Full\textures\tx_wood_tan_rings_01.dds,True,2848,textures_upscaled\tx_wood_tan_rings_01.dds,True,22000,True,Materials\morrowind\tx_wood_tan_rings_01.mat,1,Furn_Com_Kegstand
tx_wood_weathered_rings,C:\Users\max\Projects\Morrowind\raw_assets\Morrowind_Full\textures\tx_wood_weathered_rings.dds,True,2848,textures_upscaled\tx_wood_weathered_rings.dds,True,22000,True,Materials\morrowind\tx_wood_weathered_rings.mat,18,Ex_De_Docks_Piling_01; ex_common_plat_cent; ex_common_plat_corn; ex_common_plat_end; ex_de_docks_center; ex_de_docks_end; ex_de_railing_01; ex_de_railing_02; ex_de_railing_03; ex_de_shack_02
tx_wood_weathered_rings_01,C:\Users\max\Projects\Morrowind\raw_assets\Morrowind_Full\textures\tx_wood_weathered_rings_01.dds,True,2848,textures_upscaled\tx_wood_weathered_rings_01.dds,True,22000,True,Materials\morrowind\tx_wood_weathered_rings_01.mat,1,active_de_bed_30
tx_wood_wethered,C:\Users\max\Projects\Morrowind\raw_assets\Morrowind_Full\textures\tx_wood_wethered.dds,True,11040,textures_upscaled\tx_wood_wethered.dds,True,87536,True,Materials\morrowind\tx_wood_wethered.mat,21,Ex_De_Docks_Piling_01; active_de_bed_30; ex_common_plat_cent; ex_common_plat_corn; ex_common_plat_end; ex_de_docks_center; ex_de_docks_end; ex_de_railing_01; ex_de_railing_02; ex_de_railing_03
tx_wood_wormridden,C:\Users\max\Projects\Morrowind\raw_assets\Morrowind_Full\textures\tx_wood_wormridden.dds,True,11040,textures_upscaled\tx_wood_wormridden.dds,True,87536,True,Materials\morrowind\tx_wood_wormridden.mat,2,light_logpile10; misc_rollingpin_01
tx_wood_wormridden_rings,C:\Users\max\Projects\Morrowind\raw_assets\Morrowind_Full\textures\tx_wood_wormridden_rings.dds,True,2848,textures_upscaled\tx_wood_wormridden_rings.dds,True,22000,True,Materials\morrowind\tx_wood_wormridden_rings.mat,1,light_logpile10
tx_wood_wornfloor_01,C:\Users\max\Projects\Morrowind\raw_assets\Morrowind_Full\textures\tx_wood_wornfloor_01.dds,True,43808,textures_upscaled\tx_wood_wornfloor_01.dds,True,349680,True,Materials\morrowind\tx_wood_wornfloor_01.mat,3,in_nord_house_01; in_nord_house_02; in_nord_house_03
tx_woodfloor_brown,C:\Users\max\Projects\Morrowind\raw_assets\Morrowind_Full\textures\tx_woodfloor_brown.dds,True,43808,textures_upscaled\tx_woodfloor_brown.dds,True,349680,True,Materials\morrowind\tx_woodfloor_brown.mat,12,in_c_doorframe_01; in_c_plain_3way; in_c_plain_corner; in_c_plain_endcap; in_c_plain_hall_small; in_c_plain_room_corner; in_c_plain_room_entry; in_c_plain_room_side; in_c_plain_stair_short; in_c_railing_01
tx_woodpillar_shadowed,C:\Users\max\Projects\Morrowind\raw_assets\Morrowind_Full\textures\tx_woodpillar_shadowed.dds,True,11008,textures_upscaled\tx_woodpillar_shadowed.dds,True,87568,True,Materials\morrowind\tx_woodpillar_shadowed.mat,16,in_c_djamb_plain_arched; in_c_djamb_plain_square; in_c_doorframe_01; in_c_pillar_wood; in_c_plain_3way; in_c_plain_corner; in_c_plain_endcap; in_c_plain_hall_small; in_c_plain_room_corner; in_c_plain_room_entry
